insert into section (id, name) values (1, 'testGet');
insert into section (id, name) values (2, 'testDelete');
insert into section (id, name) values (3, 'testRename');
insert into section (id, name) values (4, 'testRename400');
insert into category (id, name, section_id) values (1, 'testGet', 1);
insert into category (id, name, section_id) values (2, 'testDelete', 1);
insert into category (id, name, section_id) values (3, 'testRename', 1);
insert into category (id, name, section_id) values (4, 'testRename400', 1);
INSERT INTO user_group (id, authority, name) VALUES ('1', 'ADMIN', 'groupGet');
INSERT INTO user_group (id, authority, name) VALUES ('2', 'ADMIN', 'groupDelete');
INSERT INTO user_group (id, authority, name) VALUES ('3', 'ADMIN', 'groupRename');
INSERT INTO user_group (id, authority, name) VALUES ('4', 'ADMIN', 'groupRename400');
INSERT INTO user_group (id, authority, name) VALUES ('5', 'USER', 'userToken');
INSERT INTO user_group (id, authority, name) VALUES ('6', 'MODERATOR', 'moderatorToken');
INSERT INTO user_group (id, authority, name) VALUES ('7', 'ADMIN', 'adminToken');
INSERT INTO user (id, active, blocked, code, age, city, description, page, gender, email, last_activity_date, login, password, group_id) VALUES ('1', b'1', b'0', '42b1c124-7409-4348-85534-40fd7b72675', '18', 'Brak', 'Brak', 'Brak', 'MALE', 'test@email.pl', '2022-03-22 15:29:15', 'test', '$2a$12$9eP72Csx/uQE8Cza8rMxfOUbfLIdKCkASU5LAihPRUsEodn1i3Ney', '1');
INSERT INTO user (id, active, blocked, code, age, city, description, page, gender, email, last_activity_date, login, password, group_id) VALUES ('2', b'0', b'0', '4849538f-db9e-4159-ad918-815878e433f', '18', 'Brak', 'Brak', 'Brak', 'MALE', 'test2@email.pl', '2022-03-22 15:29:15', 'test2', '$2a$12$9eP72Csx/uQE8Cza8rMxfOUbfLIdKCkASU5LAihPRUsEodn1i3Ney', '1');
INSERT INTO user (id, active, blocked, code, age, city, description, page, gender, email, last_activity_date, login, password, group_id) VALUES ('3', b'1', b'0', '927284f8-db7e-4563-a30b8-eb7cf70d86f', '18', 'Brak', 'Brak', 'Brak', 'MALE', 'test3@email.pl', '2022-03-22 15:29:15', 'notBannedForBan', '$2a$12$9eP72Csx/uQE8Cza8rMxfOUbfLIdKCkASU5LAihPRUsEodn1i3Ney', '1');
INSERT INTO user (id, active, blocked, code, age, city, description, page, gender, email, last_activity_date, login, password, group_id) VALUES ('4', b'1', b'1', '30ed150f-0328-4629-9553e-1b11ce85f24', '18', 'Brak', 'Brak', 'Brak', 'MALE', 'test4@email.pl', '2022-03-22 15:29:15', 'bannedForBan', '$2a$12$9eP72Csx/uQE8Cza8rMxfOUbfLIdKCkASU5LAihPRUsEodn1i3Ney', '1');
INSERT INTO user (id, active, blocked, code, age, city, description, page, gender, email, last_activity_date, login, password, group_id) VALUES ('5', b'1', b'0', '50133205-75e9-416e-9bf69-8e366080c02', '18', 'Brak', 'Brak', 'Brak', 'MALE', 'test5@email.pl', '2022-03-22 15:29:15', 'notBannedForUnban', '$2a$12$9eP72Csx/uQE8Cza8rMxfOUbfLIdKCkASU5LAihPRUsEodn1i3Ney', '1');
INSERT INTO user (id, active, blocked, code, age, city, description, page, gender, email, last_activity_date, login, password, group_id) VALUES ('6', b'1', b'1', '79aa2b76-e5aa-4826-9d8e1-76b9a359fee', '18', 'Brak', 'Brak', 'Brak', 'MALE', 'test6@email.pl', '2022-03-22 15:29:15', 'bannedForUnban', '$2a$12$9eP72Csx/uQE8Cza8rMxfOUbfLIdKCkASU5LAihPRUsEodn1i3Ney', '1');
INSERT INTO user (id, active, blocked, code, age, city, description, page, gender, email, last_activity_date, login, password, group_id) VALUES ('7', b'1', b'0', '95805452-9770-4664-9e10c-13900ebc485', '18', 'Brak', 'Brak', 'Brak', 'MALE', 'test7@email.pl', '2022-03-22 15:29:15', 'userToken', '$2a$12$9eP72Csx/uQE8Cza8rMxfOUbfLIdKCkASU5LAihPRUsEodn1i3Ney', '5');
INSERT INTO user (id, active, blocked, code, age, city, description, page, gender, email, last_activity_date, login, password, group_id) VALUES ('8', b'1', b'0', '951e6440-8114-441d-ab533-05bfe8c14cb', '18', 'Brak', 'Brak', 'Brak', 'MALE', 'test8@email.pl', '2022-03-22 15:29:15', 'moderatorToken', '$2a$12$9eP72Csx/uQE8Cza8rMxfOUbfLIdKCkASU5LAihPRUsEodn1i3Ney', '6');
INSERT INTO user (id, active, blocked, code, age, city, description, page, gender, email, last_activity_date, login, password, group_id) VALUES ('9', b'1', b'0', '16eb4947-2385-46af-b26e5-4d9aa62dd45', '18', 'Brak', 'Brak', 'Brak', 'MALE', 'test9@email.pl', '2022-03-22 15:29:15', 'userTokenPassword', '$2a$12$9eP72Csx/uQE8Cza8rMxfOUbfLIdKCkASU5LAihPRUsEodn1i3Ney', '5');
INSERT INTO user (id, active, blocked, code, age, city, description, page, gender, email, last_activity_date, login, password, group_id) VALUES ('10', b'1', b'0', '8cd097a-5002-d41e-3a16c-c75851181cd4', '18', 'Brak', 'Brak', 'Brak', 'MALE', 'test10@email.pl', '2022-03-22 15:29:15', 'userTokenDelete', '$2a$12$9eP72Csx/uQE8Cza8rMxfOUbfLIdKCkASU5LAihPRUsEodn1i3Ney', '5');
INSERT INTO user (id, active, blocked, code, age, city, description, page, gender, email, last_activity_date, login, password, group_id) VALUES ('11', b'1', b'0', '32397f3-042e-9493-0ad84-9947fb508704', '18', 'Brak', 'Brak', 'Brak', 'MALE', 'test11@email.pl', '2022-03-22 15:29:15', 'userDelete', '$2a$12$9eP72Csx/uQE8Cza8rMxfOUbfLIdKCkASU5LAihPRUsEodn1i3Ney', '5');
INSERT INTO user (id, active, blocked, code, age, city, description, page, gender, email, last_activity_date, login, password, group_id) VALUES ('12', b'1', b'0', 'a489408-3953-6477-38775-59779b89f3ca', '18', 'Brak', 'Brak', 'Brak', 'MALE', 'test12@email.pl', '2022-03-22 15:29:15', 'adminToken', '$2a$12$9eP72Csx/uQE8Cza8rMxfOUbfLIdKCkASU5LAihPRUsEodn1i3Ney', '7');
INSERT INTO user (id, active, blocked, code, age, city, description, page, gender, email, last_activity_date, login, password, group_id) VALUES ('13', b'0', b'0', '9cbe09d-e123-44a4-a8997-26bdf786eb45', '18', 'Brak', 'Brak', 'Brak', 'MALE', 'gametspeak@wp.pl', '2022-03-22 15:29:15', 'resendEmail', '$2a$12$9eP72Csx/uQE8Cza8rMxfOUbfLIdKCkASU5LAihPRUsEodn1i3Ney', '7');
INSERT INTO user (id, active, blocked, code, age, city, description, page, gender, email, last_activity_date, login, password, group_id) VALUES ('14', b'0', b'0', '9cbe09d-exxx-xxxx-x8997-26bdf786eb45', '18', 'Brak', 'Brak', 'Brak', 'MALE', 'test13@wp.pl', '2022-03-22 15:29:15', 'adminActive', '$2a$12$9eP72Csx/uQE8Cza8rMxfOUbfLIdKCkASU5LAihPRUsEodn1i3Ney', '7');
INSERT INTO post (id, content, date, last_active_date, last_edit_date, title, category_id, user_id) VALUES ('1', 'testGet', '2022-03-22 15:29:15', '2022-03-22 15:29:15', '2022-03-22 15:29:15', 'testGet', '1', '1');
INSERT INTO post (id, content, date, last_active_date, last_edit_date, title, category_id, user_id) VALUES ('2', 'testDeleteUser', '2022-03-22 15:29:15', '2022-03-22 15:29:15', '2022-03-22 15:29:15', 'testDeleteUser', '1', '7');
INSERT INTO post (id, content, date, last_active_date, last_edit_date, title, category_id, user_id) VALUES ('3', 'testDeleteModerator', '2022-03-22 15:29:15', '2022-03-22 15:29:15', '2022-03-22 15:29:15', 'testDeleteModerator', '1', '7');
INSERT INTO post (id, content, date, last_active_date, last_edit_date, title, category_id, user_id) VALUES ('4', 'testRename', '2022-03-22 15:29:15', '2022-03-22 15:29:15', '2022-03-22 15:29:15', 'testRename', '1', '7');
INSERT INTO post (id, content, date, last_active_date, last_edit_date, title, category_id, user_id) VALUES ('5', 'testGiveLikeHas', '2022-03-22 15:29:15', '2022-03-22 15:29:15', '2022-03-22 15:29:15', 'testGiveLikeHas', '1', '1');
INSERT INTO post (id, content, date, last_active_date, last_edit_date, title, category_id, user_id) VALUES ('6', 'testGiveLikeHasNot', '2022-03-22 15:29:15', '2022-03-22 15:29:15', '2022-03-22 15:29:15', 'testGiveLikeHasNot', '1', '1');
INSERT INTO post (id, content, date, last_active_date, last_edit_date, title, category_id, user_id) VALUES ('7', 'testRemoveLikeHas', '2022-03-22 15:29:15', '2022-03-22 15:29:15', '2022-03-22 15:29:15', 'testRemoveLikeHas', '1', '1');
INSERT INTO post (id, content, date, last_active_date, last_edit_date, title, category_id, user_id) VALUES ('8', 'testRemoveLikeHasNot', '2022-03-22 15:29:15', '2022-03-22 15:29:15', '2022-03-22 15:29:15', 'testRemoveLikeHasNot', '1', '1');
INSERT INTO comment (id, content, date, last_edit_date, post_id, user_id) VALUES (1, 'testGet', '2022-03-22 15:29:15', '2022-03-22 15:29:15', '1', '1');
INSERT INTO comment (id, content, date, last_edit_date, post_id, user_id) VALUES (2, 'testRename', '2022-03-22 15:29:15', '2022-03-22 15:29:15', '1', '7');
INSERT INTO comment (id, content, date, last_edit_date, post_id, user_id) VALUES (3, 'testDeleteUser', '2022-03-22 15:29:15', '2022-03-22 15:29:15', '1', '7');
INSERT INTO comment (id, content, date, last_edit_date, post_id, user_id) VALUES (4, 'testDeleteModerator', '2022-03-22 15:29:15', '2022-03-22 15:29:15', '1', '7');
INSERT INTO comment (id, content, date, last_edit_date, post_id, user_id) VALUES (5, 'testGiveLikeHas', '2022-03-22 15:29:15', '2022-03-22 15:29:15', '1', '7');
INSERT INTO comment (id, content, date, last_edit_date, post_id, user_id) VALUES (6, 'testGiveLikeHasNot', '2022-03-22 15:29:15', '2022-03-22 15:29:15', '1', '7');
INSERT INTO comment (id, content, date, last_edit_date, post_id, user_id) VALUES (7, 'testRemoveLikeHas', '2022-03-22 15:29:15', '2022-03-22 15:29:15', '1', '7');
INSERT INTO comment (id, content, date, last_edit_date, post_id, user_id) VALUES (8, 'testRemoveLikeHasNot', '2022-03-22 15:29:15', '2022-03-22 15:29:15', '1', '7');
INSERT INTO report (id, checked, content, date, comment_id, post_id, reporter_id) VALUES ('1', b'0', 'testGet', '2022-03-22 15:29:15', NULL, '1', '1');
INSERT INTO report (id, checked, content, date, comment_id, post_id, reporter_id) VALUES ('2', b'1', 'testCheck400', '2022-03-22 15:29:15', NULL, '1', '1');
INSERT INTO report (id, checked, content, date, comment_id, post_id, reporter_id) VALUES ('3', b'1', 'testDelete', '2022-03-22 15:29:15', NULL, '1', '1');
INSERT INTO report (id, checked, content, date, comment_id, post_id, reporter_id) VALUES ('4', b'0', 'testGetUser', '2022-03-22 15:29:15', NULL, '1', '7');
INSERT INTO likes (id, comment_id, post_id, who_id) VALUES ('1', '5', NULL, '7');
INSERT INTO likes (id, comment_id, post_id, who_id) VALUES ('2', '7', NULL, '7');
INSERT INTO likes (id, comment_id, post_id, who_id) VALUES ('3', NULL, '5', '7');
INSERT INTO likes (id, comment_id, post_id, who_id) VALUES ('4', NULL, '7', '7');
